{
  "model": "LSTM",
  "trained_at": "2023-04-22T19:11:06.567062",
  "train_time_seconds": 1048,
  "loss": {
    "validation": {
      "mae": 1.4267090981641772,
      "smape": 0.3090570717856443,
      "rmse": 1.7349710267258927
    },
    "test": {
      "mae": 1.4972108235787898,
      "smape": 0.28362757237184616,
      "rmse": 1.93171773664852
    }
  },
  "hyperparameters": {
    "seq_len": 12,
    "target_len": 12,
    "target_col": "temp",
    "batch_size": 32,
    "epochs": 15,
    "learning_rate": 0.0001,
    "train_size": 0.6,
    "grad_clipping": null
  },
  "model_parameters": {
    "input_size": 32,
    "hidden_size": 128,
    "output_size": 1,
    "num_layers": 3,
    "dropout": 0.2
  }
}