{
  "model": "MLP",
  "trained_at": "2023-04-22T23:16:12.795825",
  "train_time_seconds": 316,
  "loss": {
    "validation": {
      "mae": 1.040530134521837,
      "smape": 0.23773813648223877,
      "rmse": 1.3368580862725052
    },
    "test": {
      "mae": 1.0737184082777165,
      "smape": 0.21782046366626254,
      "rmse": 1.4445812101284459
    }
  },
  "hyperparameters": {
    "seq_len": 12,
    "target_len": 12,
    "target_col": "temp",
    "batch_size": 32,
    "epochs": 15,
    "learning_rate": 0.0001,
    "train_size": 0.6,
    "grad_clipping": null
  },
  "model_parameters": {
    "input_size": 32,
    "hidden_size": 256,
    "num_layers": 1,
    "output_size": 1
  }
}