{
  "model": "GRU",
  "trained_at": "2023-05-22T21:05:14.588133",
  "train_time_seconds": 799,
  "loss": {
    "validation": {
      "mae": 1.328763210267357,
      "smape": 0.2931533050510862,
      "rmse": 1.6612389018964586
    },
    "test": {
      "mae": 1.3715871218313593,
      "smape": 0.2694705734556576,
      "rmse": 1.8019093489379552
    }
  },
  "hyperparameters": {
    "seq_len": 24,
    "target_len": 24,
    "target_col": "temp",
    "batch_size": 32,
    "epochs": 15,
    "learning_rate": 0.0001,
    "train_size": 0.6,
    "grad_clipping": null
  },
  "model_parameters": {
    "input_size": 32,
    "hidden_size": 96,
    "output_size": 1,
    "num_layers": 2,
    "dropout": 0.4
  }
}