{
  "model": "GRU",
  "trained_at": "2023-05-22T21:37:29.620339",
  "train_time_seconds": 1417,
  "loss": {
    "validation": {
      "mae": 1.6043766412345801,
      "smape": 0.34043510273122823,
      "rmse": 1.9754191971402155
    },
    "test": {
      "mae": 1.638849265837838,
      "smape": 0.3016135584976938,
      "rmse": 2.13019023119486
    }
  },
  "hyperparameters": {
    "seq_len": 48,
    "target_len": 48,
    "target_col": "temp",
    "batch_size": 32,
    "epochs": 15,
    "learning_rate": 0.0001,
    "train_size": 0.6,
    "grad_clipping": null
  },
  "model_parameters": {
    "input_size": 32,
    "hidden_size": 96,
    "output_size": 1,
    "num_layers": 2,
    "dropout": 0.4
  }
}