{
  "model": "LSTM",
  "trained_at": "2023-05-22T20:27:31.798318",
  "train_time_seconds": 1427,
  "loss": {
    "validation": {
      "mae": 1.6263091738046858,
      "smape": 0.34433239199615157,
      "rmse": 1.9969700843085876
    },
    "test": {
      "mae": 1.6608693895503952,
      "smape": 0.31066943263566055,
      "rmse": 2.1575526173920685
    }
  },
  "hyperparameters": {
    "seq_len": 48,
    "target_len": 48,
    "target_col": "temp",
    "batch_size": 32,
    "epochs": 15,
    "learning_rate": 0.0001,
    "train_size": 0.6,
    "grad_clipping": null
  },
  "model_parameters": {
    "input_size": 32,
    "hidden_size": 96,
    "output_size": 1,
    "num_layers": 2,
    "dropout": 0.5
  }
}