{
  "model": "LSTM",
  "trained_at": "2023-04-23T00:14:17.610316",
  "train_time_seconds": 4184,
  "loss": {
    "validation": {
      "mae": 2.0319336750312464,
      "smape": 0.4357352632197072,
      "rmse": 2.4077202566464777
    },
    "test": {
      "mae": 2.0489130452855653,
      "smape": 0.3736771869438666,
      "rmse": 2.6033795955688355
    }
  },
  "hyperparameters": {
    "seq_len": 48,
    "target_len": 48,
    "target_col": "temp",
    "batch_size": 32,
    "epochs": 15,
    "learning_rate": 0.0001,
    "train_size": 0.6,
    "grad_clipping": null
  },
  "model_parameters": {
    "input_size": 32,
    "hidden_size": 128,
    "output_size": 1,
    "num_layers": 3,
    "dropout": 0.2
  }
}