{
  "model": "GRU",
  "trained_at": "2023-05-22T20:47:33.707898",
  "train_time_seconds": 505,
  "loss": {
    "validation": {
      "mae": 1.0775004598139617,
      "smape": 0.24286429301798343,
      "rmse": 1.3746782499585717
    },
    "test": {
      "mae": 1.107764921914821,
      "smape": 0.22276406249120123,
      "rmse": 1.4768499470430554
    }
  },
  "hyperparameters": {
    "seq_len": 12,
    "target_len": 12,
    "target_col": "temp",
    "batch_size": 32,
    "epochs": 15,
    "learning_rate": 0.0001,
    "train_size": 0.6,
    "grad_clipping": null
  },
  "model_parameters": {
    "input_size": 32,
    "hidden_size": 96,
    "output_size": 1,
    "num_layers": 2,
    "dropout": 0.4
  }
}