{
  "model": "LSTM",
  "trained_at": "2023-05-22T20:02:39.854061",
  "train_time_seconds": 805,
  "loss": {
    "validation": {
      "mae": 1.3356349129838863,
      "smape": 0.29317914374363574,
      "rmse": 1.66552519921029
    },
    "test": {
      "mae": 1.377549869378655,
      "smape": 0.270620058378521,
      "rmse": 1.8140116290911532
    }
  },
  "hyperparameters": {
    "seq_len": 24,
    "target_len": 24,
    "target_col": "temp",
    "batch_size": 32,
    "epochs": 15,
    "learning_rate": 0.0001,
    "train_size": 0.6,
    "grad_clipping": null
  },
  "model_parameters": {
    "input_size": 32,
    "hidden_size": 96,
    "output_size": 1,
    "num_layers": 2,
    "dropout": 0.5
  }
}