{
  "model": "LSTM",
  "trained_at": "2023-04-22T21:02:45.964515",
  "train_time_seconds": 1928,
  "loss": {
    "validation": {
      "mae": 1.6792100577157816,
      "smape": 0.35726519553661346,
      "rmse": 2.0134027085673
    },
    "test": {
      "mae": 1.708485158740202,
      "smape": 0.3197232341428973,
      "rmse": 2.1838869422585683
    }
  },
  "hyperparameters": {
    "seq_len": 24,
    "target_len": 24,
    "target_col": "temp",
    "batch_size": 32,
    "epochs": 15,
    "learning_rate": 0.0001,
    "train_size": 0.6,
    "grad_clipping": null
  },
  "model_parameters": {
    "input_size": 32,
    "hidden_size": 128,
    "output_size": 1,
    "num_layers": 3,
    "dropout": 0.2
  }
}