{
  "model": "CNN",
  "trained_at": "2023-04-22T14:11:29.694091",
  "train_time_seconds": 288,
  "loss": {
    "validation": {
      "mae": 1.0501863760049224,
      "smape": 0.23855292462824965,
      "rmse": 1.3480368526254534
    },
    "test": {
      "mae": 1.07895446721377,
      "smape": 0.2198774173500992,
      "rmse": 1.4492787993766265
    }
  },
  "hyperparameters": {
    "seq_len": 12,
    "target_len": 12,
    "target_col": "temp",
    "batch_size": 32,
    "epochs": 15,
    "learning_rate": 0.0001,
    "train_size": 0.6,
    "grad_clipping": null
  },
  "model_parameters": {
    "input_channels": 32,
    "hidden_size": 12,
    "kernel_size": 12,
    "dropout": 0
  }
}