{
  "model": "RNN",
  "trained_at": "2023-04-23T14:05:23.836691",
  "train_time_seconds": 3535,
  "loss": {
    "validation": {
      "mae": 2.0142505375271775,
      "smape": 0.4166551190581295,
      "rmse": 2.386109748478105
    },
    "test": {
      "mae": 2.0504042371903233,
      "smape": 0.3586758703545288,
      "rmse": 2.5953656323181833
    }
  },
  "hyperparameters": {
    "seq_len": 48,
    "target_len": 48,
    "target_col": "temp",
    "batch_size": 32,
    "epochs": 15,
    "learning_rate": 0.0001,
    "train_size": 0.6,
    "grad_clipping": null
  },
  "model_parameters": {
    "input_size": 32,
    "hidden_size": 256,
    "output_size": 1,
    "num_layers": 3,
    "dropout": 0.2,
    "nonlinearity": "tanh"
  }
}